1.232,0.000,8.140,0.000,0.538,6.142,91.700,3.977,4.000,307.000,21.000,396.900,18.720,15.200
0.022,82.500,2.030,0.000,0.415,7.610,15.700,6.270,2.000,348.000,14.700,395.380,3.110,42.300
4.898,0.000,18.100,0.000,0.631,4.970,100.000,1.333,24.000,666.000,20.200,375.520,3.260,50.000
0.040,0.000,5.190,0.000,0.515,6.037,34.500,5.985,5.000,224.000,20.200,396.900,8.010,21.100
3.693,0.000,18.100,0.000,0.713,6.376,88.400,2.567,24.000,666.000,20.200,391.430,14.650,17.700
0.284,0.000,7.380,0.000,0.493,5.708,74.300,4.721,5.000,287.000,19.600,391.130,11.740,18.500
9.187,0.000,18.100,0.000,0.700,5.536,100.000,1.580,24.000,666.000,20.200,396.900,23.600,11.300
4.097,0.000,19.580,0.000,0.871,5.468,100.000,1.412,5.000,403.000,14.700,396.900,26.420,15.600
2.155,0.000,19.580,0.000,0.871,5.628,100.000,1.517,5.000,403.000,14.700,169.270,16.650,15.600
1.629,0.000,21.890,0.000,0.624,5.019,100.000,1.439,4.000,437.000,21.200,396.900,34.410,14.400
9.596,0.000,18.100,0.000,0.693,6.404,100.000,1.639,24.000,666.000,20.200,376.110,20.310,12.100
18.811,0.000,18.100,0.000,0.597,4.628,100.000,1.554,24.000,666.000,20.200,28.790,34.370,17.900
0.139,0.000,4.050,0.000,0.510,5.572,88.500,2.596,5.000,296.000,16.600,396.900,14.690,23.100
3.837,0.000,18.100,0.000,0.770,6.251,91.100,2.296,24.000,666.000,20.200,350.650,14.190,19.900
0.387,0.000,25.650,0.000,0.581,5.613,95.600,1.757,2.000,188.000,19.100,359.290,27.260,15.700
73.534,0.000,18.100,0.000,0.679,5.957,100.000,1.803,24.000,666.000,20.200,16.450,20.620,8.800
6.539,0.000,18.100,1.000,0.631,7.016,97.500,1.202,24.000,666.000,20.200,392.050,2.960,50.000
0.065,70.000,2.240,0.000,0.400,6.345,20.100,7.828,5.000,358.000,14.800,368.240,4.970,22.500
0.034,82.500,2.030,0.000,0.415,6.162,38.400,6.270,2.000,348.000,14.700,393.770,7.430,24.100
0.149,0.000,8.560,0.000,0.520,6.727,79.900,2.778,5.000,384.000,20.900,394.760,9.420,27.500
37.662,0.000,18.100,0.000,0.679,6.202,78.700,1.863,24.000,666.000,20.200,18.820,14.520,10.900
0.028,75.000,2.950,0.000,0.428,6.595,21.800,5.401,3.000,252.000,18.300,395.630,4.320,30.800
0.018,95.000,1.470,0.000,0.403,7.135,13.900,7.653,3.000,402.000,17.000,384.300,4.450,32.900
0.006,18.000,2.310,0.000,0.538,6.575,65.200,4.090,1.000,296.000,15.300,396.900,4.980,24.000
0.030,0.000,5.190,0.000,0.515,5.895,59.600,5.615,5.000,224.000,20.200,394.810,10.560,18.500
9.823,0.000,18.100,0.000,0.671,6.794,98.800,1.358,24.000,666.000,20.200,396.900,21.240,13.300
0.088,12.500,7.870,0.000,0.524,6.012,66.600,5.561,5.000,311.000,15.200,395.600,12.430,22.900
0.027,0.000,7.070,0.000,0.469,7.185,61.100,4.967,2.000,242.000,17.800,392.830,4.030,34.700
0.672,0.000,8.140,0.000,0.538,5.813,90.300,4.682,4.000,307.000,21.000,376.880,14.810,16.600
0.178,0.000,9.690,0.000,0.585,5.569,73.500,2.400,6.000,391.000,19.200,395.770,15.100,17.500
0.046,52.500,5.320,0.000,0.405,6.315,45.600,7.317,6.000,293.000,16.600,396.900,7.600,22.300
5.090,0.000,18.100,0.000,0.713,6.297,91.800,2.368,24.000,666.000,20.200,385.090,17.270,16.100
7.752,0.000,18.100,0.000,0.713,6.301,83.700,2.783,24.000,666.000,20.200,272.210,16.230,14.900
1.054,0.000,8.140,0.000,0.538,5.935,29.300,4.499,4.000,307.000,21.000,386.850,6.580,23.100
0.034,75.000,2.950,0.000,0.428,7.024,15.800,5.401,3.000,252.000,18.300,395.620,1.980,34.900
0.341,0.000,7.380,0.000,0.493,6.415,40.100,4.721,5.000,287.000,19.600,396.900,6.120,25.000
0.841,0.000,8.140,0.000,0.538,5.599,85.700,4.455,4.000,307.000,21.000,303.420,16.510,13.900
1.152,0.000,8.140,0.000,0.538,5.701,95.000,3.787,4.000,307.000,21.000,358.770,18.350,13.100
0.351,0.000,7.380,0.000,0.493,6.041,49.900,4.721,5.000,287.000,19.600,396.900,7.700,20.400
0.102,0.000,12.830,0.000,0.437,6.279,74.500,4.052,5.000,398.000,18.700,373.660,11.970,20.000
0.151,0.000,27.740,0.000,0.609,5.454,92.700,1.821,4.000,711.000,20.100,395.090,18.060,15.200
0.159,0.000,6.910,0.000,0.448,6.211,6.500,5.721,3.000,233.000,17.900,394.460,7.440,24.700
0.051,0.000,5.190,0.000,0.515,6.316,38.100,6.458,5.000,224.000,20.200,389.710,5.680,22.200
11.087,0.000,18.100,0.000,0.718,6.411,100.000,1.859,24.000,666.000,20.200,318.750,15.020,16.700
13.360,0.000,18.100,0.000,0.693,5.887,94.700,1.782,24.000,666.000,20.200,396.900,16.350,12.700
0.750,0.000,8.140,0.000,0.538,5.924,94.100,4.400,4.000,307.000,21.000,394.330,16.300,15.600
0.330,0.000,21.890,0.000,0.624,5.822,95.400,2.470,4.000,437.000,21.200,388.690,15.030,18.400
1.002,0.000,8.140,0.000,0.538,6.674,87.300,4.239,4.000,307.000,21.000,380.230,11.980,21.000
0.657,20.000,3.970,0.000,0.647,6.842,100.000,2.011,5.000,264.000,13.000,391.930,6.900,30.100
6.962,0.000,18.100,0.000,0.700,5.713,97.000,1.927,24.000,666.000,20.200,394.430,17.110,15.100
0.062,0.000,5.190,0.000,0.515,5.968,58.500,4.812,5.000,224.000,20.200,396.900,9.290,18.700
14.421,0.000,18.100,0.000,0.740,6.461,93.300,2.003,24.000,666.000,20.200,27.490,18.050,9.600
0.512,0.000,6.200,0.000,0.507,7.358,71.600,4.148,8.000,307.000,17.400,390.070,4.730,31.500
0.043,52.500,5.320,0.000,0.405,6.565,22.900,7.317,6.000,293.000,16.600,371.720,9.510,24.800
2.314,0.000,19.580,0.000,0.605,5.880,97.300,2.389,5.000,403.000,14.700,348.130,12.030,19.100
0.069,0.000,25.650,0.000,0.581,5.870,69.700,2.258,2.000,188.000,19.100,389.150,14.370,22.000
8.492,0.000,18.100,0.000,0.584,6.348,86.100,2.053,24.000,666.000,20.200,83.450,17.640,14.500
7.367,0.000,18.100,0.000,0.679,6.193,78.100,1.936,24.000,666.000,20.200,96.730,21.520,11.000
0.096,40.000,6.410,0.000,0.447,6.854,42.800,4.267,4.000,254.000,17.600,396.900,2.980,32.000
0.067,0.000,4.050,0.000,0.510,6.546,33.100,3.132,5.000,296.000,16.600,390.960,5.330,29.400
0.072,0.000,25.650,0.000,0.581,6.004,84.100,2.197,2.000,188.000,19.100,377.670,14.270,20.300
0.115,20.000,6.960,0.000,0.464,6.538,58.700,3.917,3.000,223.000,18.600,394.960,7.730,24.400
10.233,0.000,18.100,0.000,0.614,6.185,96.700,2.171,24.000,666.000,20.200,379.700,18.030,14.600
0.171,0.000,8.560,0.000,0.520,5.836,91.900,2.211,5.000,384.000,20.900,395.670,18.660,19.500
4.752,0.000,18.100,0.000,0.713,6.525,86.500,2.436,24.000,666.000,20.200,50.920,18.130,14.100
5.581,0.000,18.100,0.000,0.713,6.436,87.900,2.316,24.000,666.000,20.200,100.190,16.220,14.300
0.976,0.000,21.890,0.000,0.624,5.757,98.400,2.346,4.000,437.000,21.200,262.760,17.310,15.600
22.051,0.000,18.100,0.000,0.740,5.818,92.400,1.866,24.000,666.000,20.200,391.450,22.110,10.500
9.917,0.000,18.100,0.000,0.693,5.852,77.800,1.500,24.000,666.000,20.200,338.160,29.970,6.300
0.376,0.000,10.590,1.000,0.489,5.404,88.600,3.665,4.000,277.000,18.600,395.240,23.980,19.300
0.171,0.000,6.910,0.000,0.448,5.682,33.800,5.100,3.000,233.000,17.900,396.900,10.210,19.300
11.160,0.000,18.100,0.000,0.740,6.629,94.600,2.125,24.000,666.000,20.200,109.850,23.270,13.400
0.087,45.000,3.440,0.000,0.437,7.178,26.300,6.480,5.000,398.000,15.200,390.490,2.870,36.400
0.318,0.000,9.900,0.000,0.544,5.914,83.200,3.999,4.000,304.000,18.400,390.700,18.330,17.800
1.613,0.000,8.140,0.000,0.538,6.096,96.900,3.760,4.000,307.000,21.000,248.310,20.340,13.500
0.211,12.500,7.870,0.000,0.524,5.631,100.000,6.082,5.000,311.000,15.200,386.630,29.930,16.500
15.860,0.000,18.100,0.000,0.679,5.896,95.400,1.910,24.000,666.000,20.200,7.680,24.390,8.300
0.881,0.000,21.890,0.000,0.624,5.637,94.700,1.980,4.000,437.000,21.200,396.900,18.340,14.300
0.172,25.000,5.130,0.000,0.453,5.966,93.400,6.819,8.000,284.000,19.700,378.080,14.440,16.000
3.321,0.000,19.580,1.000,0.871,5.403,100.000,1.322,5.000,403.000,14.700,396.900,26.820,13.400
0.129,0.000,13.920,0.000,0.437,6.678,31.100,5.960,4.000,289.000,16.000,396.900,6.270,28.600
0.540,20.000,3.970,0.000,0.575,7.470,52.600,2.872,5.000,264.000,13.000,390.300,3.160,43.500
0.803,0.000,8.140,0.000,0.538,5.456,36.600,3.796,4.000,307.000,21.000,288.990,11.690,20.200
0.011,55.000,2.250,0.000,0.389,6.453,31.900,7.307,1.000,300.000,15.300,394.720,8.230,22.000
0.590,0.000,21.890,0.000,0.624,6.372,97.900,2.327,4.000,437.000,21.200,385.760,11.120,23.000
0.037,0.000,5.190,0.000,0.515,6.310,38.500,6.458,5.000,224.000,20.200,389.400,6.750,20.700
5.872,0.000,18.100,0.000,0.693,6.405,96.000,1.677,24.000,666.000,20.200,396.900,19.370,12.500
0.035,95.000,2.680,0.000,0.416,7.853,33.200,5.118,4.000,224.000,14.700,392.780,3.810,48.500
2.369,0.000,19.580,0.000,0.871,4.926,95.700,1.461,5.000,403.000,14.700,391.710,29.530,14.600
7.050,0.000,18.100,0.000,0.614,6.103,85.100,2.022,24.000,666.000,20.200,2.520,23.290,13.400
5.708,0.000,18.100,0.000,0.532,6.750,74.900,3.332,24.000,666.000,20.200,393.070,7.740,23.700
0.020,95.000,2.680,0.000,0.416,8.034,31.900,5.118,4.000,224.000,14.700,390.550,2.880,50.000
0.082,0.000,13.920,0.000,0.437,6.009,42.300,5.503,4.000,289.000,16.000,396.900,10.400,21.700
0.066,0.000,2.460,0.000,0.488,7.765,83.300,2.741,3.000,193.000,17.800,395.560,7.560,39.800
0.121,0.000,2.890,0.000,0.445,8.069,76.000,3.495,2.000,276.000,18.000,396.900,4.210,38.700
0.103,30.000,4.930,0.000,0.428,6.358,52.900,7.035,6.000,300.000,16.600,372.750,11.220,22.200
0.032,95.000,1.470,0.000,0.403,6.975,15.300,7.653,3.000,402.000,17.000,396.900,4.560,34.900
0.052,0.000,4.490,0.000,0.449,6.015,45.100,4.427,3.000,247.000,18.500,395.990,12.860,22.500
0.022,60.000,2.930,0.000,0.401,6.800,9.900,6.220,1.000,265.000,15.600,393.370,5.030,31.100
0.030,0.000,2.180,0.000,0.458,6.430,58.700,6.062,3.000,222.000,18.700,394.120,5.210,28.700
0.061,20.000,3.330,1.000,0.443,7.645,49.700,5.212,5.000,216.000,14.900,377.070,3.010,46.000
0.575,0.000,6.200,0.000,0.507,8.337,73.300,3.838,8.000,307.000,17.400,385.910,2.470,41.700
0.475,0.000,9.900,0.000,0.544,6.113,58.800,4.002,4.000,304.000,18.400,396.230,12.730,21.000
0.127,0.000,6.910,0.000,0.448,6.770,2.900,5.721,3.000,233.000,17.900,385.410,4.840,26.600
51.136,0.000,18.100,0.000,0.597,5.757,100.000,1.413,24.000,666.000,20.200,2.600,10.110,15.000
0.140,22.000,5.860,0.000,0.431,6.487,13.000,7.397,7.000,330.000,19.100,396.280,5.900,24.400
6.393,0.000,18.100,0.000,0.584,6.162,97.400,2.206,24.000,666.000,20.200,302.760,24.100,13.300
0.123,0.000,6.910,0.000,0.448,6.069,40.000,5.721,3.000,233.000,17.900,389.390,9.550,21.200
8.792,0.000,18.100,0.000,0.584,5.565,70.600,2.063,24.000,666.000,20.200,3.650,17.160,11.700
0.174,0.000,10.590,1.000,0.489,5.960,92.100,3.877,4.000,277.000,18.600,393.250,17.270,21.700
0.264,0.000,8.560,0.000,0.520,6.229,91.200,2.545,5.000,384.000,20.900,391.230,15.550,19.400
2.010,0.000,19.580,0.000,0.605,7.929,96.200,2.046,5.000,403.000,14.700,369.300,3.700,50.000
0.101,0.000,10.010,0.000,0.547,6.715,81.600,2.678,6.000,432.000,17.800,395.590,10.160,22.800
0.290,0.000,9.690,0.000,0.585,5.390,72.900,2.799,6.000,391.000,19.200,396.900,21.140,19.700
0.021,85.000,0.740,0.000,0.410,6.383,35.700,9.188,2.000,313.000,17.300,396.900,5.770,24.700
0.069,0.000,2.180,0.000,0.458,7.147,54.200,6.062,3.000,222.000,18.700,396.900,5.330,36.200
7.023,0.000,18.100,0.000,0.718,6.006,95.300,1.875,24.000,666.000,20.200,319.980,15.700,14.200
0.170,12.500,7.870,0.000,0.524,6.004,85.900,6.592,5.000,311.000,15.200,386.710,17.100,18.900
0.171,0.000,10.010,0.000,0.547,5.928,88.200,2.463,6.000,432.000,17.800,344.910,15.760,18.300
0.107,80.000,1.910,0.000,0.413,5.936,19.500,10.586,4.000,334.000,22.000,376.040,5.570,20.600
0.054,0.000,4.050,0.000,0.510,6.315,73.400,3.317,5.000,296.000,16.600,395.600,6.290,24.600
0.726,0.000,8.140,0.000,0.538,5.727,69.500,3.796,4.000,307.000,21.000,390.950,11.280,18.200
15.177,0.000,18.100,0.000,0.740,6.152,100.000,1.914,24.000,666.000,20.200,9.320,26.450,8.700
0.015,90.000,3.750,0.000,0.394,7.454,34.200,6.336,3.000,244.000,15.900,386.340,3.110,44.000
88.976,0.000,18.100,0.000,0.671,6.968,91.900,1.417,24.000,666.000,20.200,396.900,17.210,10.400
1.388,0.000,8.140,0.000,0.538,5.950,82.000,3.990,4.000,307.000,21.000,232.600,27.710,13.200
0.056,0.000,12.830,0.000,0.437,6.232,53.700,5.014,5.000,398.000,18.700,386.400,12.340,21.200
0.091,45.000,3.440,0.000,0.437,6.951,21.500,6.480,5.000,398.000,15.200,377.680,5.100,37.000
0.786,20.000,3.970,0.000,0.647,7.014,84.600,2.133,5.000,264.000,13.000,384.070,14.790,30.700
0.062,40.000,1.250,0.000,0.429,6.490,44.400,8.792,1.000,335.000,19.700,396.900,5.980,22.900
0.188,0.000,6.910,0.000,0.448,5.786,33.300,5.100,3.000,233.000,17.900,396.900,14.150,20.000
0.145,0.000,10.010,0.000,0.547,5.731,65.200,2.759,6.000,432.000,17.800,391.500,13.610,19.300
0.463,0.000,6.200,0.000,0.504,7.412,76.900,3.671,8.000,307.000,17.400,376.140,5.250,31.700
0.079,45.000,3.440,0.000,0.437,6.782,41.100,3.789,5.000,398.000,15.200,393.870,6.680,32.000
0.179,0.000,9.690,0.000,0.585,5.670,28.800,2.799,6.000,391.000,19.200,393.290,17.600,23.100
0.098,0.000,25.650,0.000,0.581,5.879,95.800,2.006,2.000,188.000,19.100,379.380,17.580,18.800
15.874,0.000,18.100,0.000,0.671,6.545,99.100,1.519,24.000,666.000,20.200,396.900,21.080,10.900
0.612,20.000,3.970,0.000,0.647,8.704,86.900,1.801,5.000,264.000,13.000,389.700,5.120,50.000
0.103,25.000,5.130,0.000,0.453,5.927,47.200,6.932,8.000,284.000,19.700,396.900,9.220,19.600
67.921,0.000,18.100,0.000,0.693,5.683,100.000,1.425,24.000,666.000,20.200,384.970,22.980,5.000
0.254,0.000,6.910,0.000,0.448,5.399,95.300,5.870,3.000,233.000,17.900,396.900,30.810,14.400
0.128,0.000,8.560,0.000,0.520,6.474,97.100,2.433,5.000,384.000,20.900,395.240,12.270,19.800
8.645,0.000,18.100,0.000,0.693,6.193,92.600,1.791,24.000,666.000,20.200,396.900,15.170,13.800
1.193,0.000,21.890,0.000,0.624,6.326,97.700,2.271,4.000,437.000,21.200,396.900,12.260,19.600
0.061,0.000,11.930,0.000,0.573,6.976,91.000,2.167,1.000,273.000,21.000,396.900,5.640,23.900
0.164,22.000,5.860,0.000,0.431,6.433,49.100,7.827,7.000,330.000,19.100,374.710,9.520,24.500
0.127,25.000,5.130,0.000,0.453,6.762,43.400,7.981,8.000,284.000,19.700,395.580,9.500,25.000
4.349,0.000,18.100,0.000,0.580,6.167,84.000,3.033,24.000,666.000,20.200,396.900,16.290,19.900
14.051,0.000,18.100,0.000,0.597,6.657,100.000,1.528,24.000,666.000,20.200,35.050,21.220,17.200
0.192,0.000,7.380,0.000,0.493,6.431,14.700,5.416,5.000,287.000,19.600,393.680,5.080,24.600
8.201,0.000,18.100,0.000,0.713,5.936,80.300,2.779,24.000,666.000,20.200,3.500,16.940,13.500
0.029,40.000,1.250,0.000,0.429,6.939,34.500,8.792,1.000,335.000,19.700,389.850,5.890,26.600
0.115,0.000,2.890,0.000,0.445,6.163,69.600,3.495,2.000,276.000,18.000,391.830,11.340,21.400
0.047,0.000,11.930,0.000,0.573,6.030,80.800,2.505,1.000,273.000,21.000,396.900,7.880,11.900
0.136,0.000,10.590,0.000,0.489,5.891,22.300,3.945,4.000,277.000,18.600,396.900,10.870,22.600
1.496,0.000,19.580,0.000,0.871,5.404,100.000,1.592,5.000,403.000,14.700,341.600,13.280,19.600
41.529,0.000,18.100,0.000,0.693,5.531,85.400,1.607,24.000,666.000,20.200,329.460,27.380,8.500
0.082,30.000,4.930,0.000,0.428,6.481,18.500,6.190,6.000,300.000,16.600,379.410,6.360,23.700
13.522,0.000,18.100,0.000,0.631,3.863,100.000,1.511,24.000,666.000,20.200,131.420,13.330,23.100
0.217,0.000,10.590,1.000,0.489,5.807,53.800,3.653,4.000,277.000,18.600,390.940,16.030,22.400
0.197,22.000,5.860,0.000,0.431,6.226,79.200,8.056,7.000,330.000,19.100,376.140,10.150,20.500
0.057,0.000,3.410,0.000,0.489,7.007,86.300,3.422,2.000,270.000,17.800,396.900,5.500,23.600
0.773,0.000,8.140,0.000,0.538,6.495,94.400,4.455,4.000,307.000,21.000,387.940,12.800,18.400
0.222,20.000,6.960,1.000,0.464,7.691,51.800,4.367,3.000,223.000,18.600,390.770,6.580,35.200
0.019,85.000,4.150,0.000,0.429,6.516,27.700,8.535,4.000,351.000,17.900,392.430,6.360,23.100
11.951,0.000,18.100,0.000,0.659,5.608,100.000,1.285,24.000,666.000,20.200,332.090,12.130,27.900
0.033,0.000,5.190,0.000,0.515,6.059,37.300,4.812,5.000,224.000,20.200,396.140,8.510,20.600
0.128,30.000,4.930,0.000,0.428,6.393,7.800,7.035,6.000,300.000,16.600,374.710,5.190,23.700
0.041,25.000,4.860,0.000,0.426,6.727,33.500,5.401,4.000,281.000,19.000,396.900,5.290,28.000
0.106,0.000,27.740,0.000,0.609,5.983,98.800,1.868,4.000,711.000,20.100,390.110,18.070,13.600
0.054,0.000,13.920,0.000,0.437,6.549,51.000,5.960,4.000,289.000,16.000,392.850,7.390,27.100
0.092,0.000,4.050,0.000,0.510,6.416,84.100,2.646,5.000,296.000,16.600,395.500,9.040,23.600
4.836,0.000,18.100,0.000,0.583,5.905,53.200,3.152,24.000,666.000,20.200,388.220,11.450,20.600
0.043,80.000,1.910,0.000,0.413,5.663,21.900,10.586,4.000,334.000,22.000,382.800,8.050,18.200
0.094,12.500,7.870,0.000,0.524,5.889,39.000,5.451,5.000,311.000,15.200,390.500,15.710,21.700
0.352,0.000,21.890,0.000,0.624,6.454,98.400,1.850,4.000,437.000,21.200,394.080,14.590,17.100
11.812,0.000,18.100,0.000,0.718,6.824,76.500,1.794,24.000,666.000,20.200,48.450,22.740,8.400
0.141,0.000,6.910,0.000,0.448,6.169,6.600,5.721,3.000,233.000,17.900,383.370,5.810,25.300
2.379,0.000,19.580,0.000,0.871,6.130,100.000,1.419,5.000,403.000,14.700,172.910,27.800,13.800
0.110,25.000,5.130,0.000,0.453,6.456,67.800,7.226,8.000,284.000,19.700,396.900,6.730,22.200
5.666,0.000,18.100,0.000,0.740,6.219,100.000,2.005,24.000,666.000,20.200,395.690,16.590,18.400
0.091,20.000,6.960,1.000,0.464,5.920,61.500,3.917,3.000,223.000,18.600,391.340,13.650,20.700
0.412,0.000,6.200,0.000,0.504,7.163,79.900,3.216,8.000,307.000,17.400,372.080,6.360,31.600
0.069,45.000,3.440,0.000,0.437,6.739,30.800,6.480,5.000,398.000,15.200,389.710,4.690,30.500
0.084,0.000,12.830,0.000,0.437,5.874,36.600,4.503,5.000,398.000,18.700,396.060,9.100,20.300
20.085,0.000,18.100,0.000,0.700,4.368,91.200,1.440,24.000,666.000,20.200,285.830,30.630,8.800
0.151,0.000,10.010,0.000,0.547,6.021,82.600,2.747,6.000,432.000,17.800,394.510,10.300,19.200
0.262,0.000,9.900,0.000,0.544,6.023,90.400,2.834,4.000,304.000,18.400,396.300,11.720,19.400
0.402,0.000,9.900,0.000,0.544,6.382,67.200,3.533,4.000,304.000,18.400,395.210,10.360,23.100
0.114,0.000,13.890,1.000,0.550,6.373,92.400,3.363,5.000,276.000,16.400,393.740,10.500,23.000
0.956,0.000,8.140,0.000,0.538,6.047,88.800,4.453,4.000,307.000,21.000,306.380,17.280,14.800
0.520,20.000,3.970,0.000,0.647,8.398,91.500,2.288,5.000,264.000,13.000,386.860,5.910,48.800
0.084,0.000,4.050,0.000,0.510,5.859,68.700,2.702,5.000,296.000,16.600,393.230,9.640,22.600
0.075,33.000,2.180,0.000,0.472,7.420,71.900,3.099,7.000,222.000,18.400,396.900,6.470,33.400
0.299,20.000,6.960,0.000,0.464,5.856,42.100,4.429,3.000,223.000,18.600,388.650,13.000,21.100
1.252,0.000,8.140,0.000,0.538,5.570,98.100,3.798,4.000,307.000,21.000,376.570,21.020,13.600
0.009,90.000,2.970,0.000,0.400,7.088,20.800,7.307,1.000,285.000,15.300,394.720,7.850,32.200
23.648,0.000,18.100,0.000,0.671,6.380,96.200,1.386,24.000,666.000,20.200,396.900,23.690,13.100
0.050,21.000,5.640,0.000,0.439,5.998,21.400,6.815,4.000,243.000,16.800,396.900,8.430,23.400
0.064,0.000,5.960,0.000,0.499,5.933,68.200,3.360,5.000,279.000,19.200,396.900,9.680,18.900
0.045,25.000,4.860,0.000,0.426,6.619,70.400,5.401,4.000,281.000,19.000,395.630,7.220,23.900
2.780,0.000,19.580,0.000,0.871,4.903,97.800,1.346,5.000,403.000,14.700,396.900,29.290,11.800
0.093,30.000,4.930,0.000,0.428,6.606,42.200,6.190,6.000,300.000,16.600,383.780,7.370,23.300
0.762,20.000,3.970,0.000,0.647,5.560,62.800,1.986,5.000,264.000,13.000,392.400,10.450,22.800
0.852,0.000,8.140,0.000,0.538,5.965,89.200,4.012,4.000,307.000,21.000,392.530,13.830,19.600
4.871,0.000,18.100,0.000,0.614,6.484,93.600,2.305,24.000,666.000,20.200,396.210,18.680,16.700
6.718,0.000,18.100,0.000,0.713,6.749,92.600,2.324,24.000,666.000,20.200,0.320,17.440,13.400
0.241,0.000,7.380,0.000,0.493,6.083,43.700,5.416,5.000,287.000,19.600,396.900,12.790,22.200
0.131,0.000,10.010,0.000,0.547,5.872,73.100,2.478,6.000,432.000,17.800,338.630,15.370,20.400
0.173,0.000,9.690,0.000,0.585,5.707,54.000,2.382,6.000,391.000,19.200,396.900,12.010,21.800
0.083,0.000,2.460,0.000,0.488,5.604,89.800,2.988,3.000,193.000,17.800,391.000,13.980,26.400
9.514,0.000,18.100,0.000,0.713,6.728,94.100,2.496,24.000,666.000,20.200,6.680,18.710,14.900
0.080,60.000,1.690,0.000,0.411,6.579,35.900,10.710,4.000,411.000,18.300,370.780,5.490,24.100
2.300,0.000,19.580,0.000,0.605,6.319,96.100,2.100,5.000,403.000,14.700,297.090,11.100,23.800
7.992,0.000,18.100,0.000,0.700,5.520,100.000,1.533,24.000,666.000,20.200,396.900,24.560,12.300
0.080,40.000,6.410,0.000,0.447,6.482,32.100,4.140,4.000,254.000,17.600,396.900,7.190,29.100
0.080,0.000,5.960,0.000,0.499,5.850,41.500,3.934,5.000,279.000,19.200,396.900,8.770,21.000
0.133,0.000,8.560,0.000,0.520,5.851,96.700,2.107,5.000,384.000,20.900,394.050,16.470,19.500
1.425,0.000,19.580,0.000,0.871,6.510,100.000,1.766,5.000,403.000,14.700,364.310,7.390,23.300
0.369,0.000,9.900,0.000,0.544,6.567,87.300,3.602,4.000,304.000,18.400,395.690,9.280,23.800
8.248,0.000,18.100,0.000,0.713,7.393,99.300,2.453,24.000,666.000,20.200,375.870,16.740,17.800
8.152,0.000,18.100,0.000,0.700,5.390,98.900,1.728,24.000,666.000,20.200,396.900,20.850,11.500
0.159,0.000,10.810,0.000,0.413,5.961,17.500,5.287,4.000,305.000,19.200,376.940,9.880,21.700
0.627,0.000,8.140,0.000,0.538,5.834,56.500,4.499,4.000,307.000,21.000,395.620,8.470,19.900
4.542,0.000,18.100,0.000,0.770,6.398,88.000,2.518,24.000,666.000,20.200,374.560,7.790,25.000
0.032,0.000,2.180,0.000,0.458,6.998,45.800,6.062,3.000,222.000,18.700,394.630,2.940,33.400
0.035,80.000,4.950,0.000,0.411,6.861,27.900,5.117,4.000,245.000,19.200,396.900,3.330,28.500
7.839,0.000,18.100,0.000,0.655,6.209,65.400,2.963,24.000,666.000,20.200,396.900,13.220,21.400
1.343,0.000,19.580,0.000,0.605,6.066,100.000,1.757,5.000,403.000,14.700,353.890,6.430,24.300
4.556,0.000,18.100,0.000,0.718,3.561,87.900,1.613,24.000,666.000,20.200,354.700,7.120,27.500
0.100,34.000,6.090,0.000,0.433,6.982,17.700,5.492,7.000,329.000,16.100,390.430,4.860,33.100
0.259,0.000,21.890,0.000,0.624,5.693,96.000,1.788,4.000,437.000,21.200,392.110,17.190,16.200
0.046,0.000,13.890,1.000,0.550,5.888,56.000,3.112,5.000,276.000,16.400,392.800,13.510,23.300
0.331,0.000,6.200,0.000,0.507,8.247,70.400,3.652,8.000,307.000,17.400,378.950,3.950,48.300
0.042,28.000,15.040,0.000,0.464,6.442,53.600,3.666,4.000,270.000,18.200,395.010,8.160,22.900
0.493,0.000,9.900,0.000,0.544,6.635,82.500,3.317,4.000,304.000,18.400,396.900,4.540,22.800
2.447,0.000,19.580,0.000,0.871,5.272,94.000,1.736,5.000,403.000,14.700,88.630,16.140,13.100
4.669,0.000,18.100,0.000,0.713,5.976,87.900,2.581,24.000,666.000,20.200,10.480,19.010,12.700
4.261,0.000,18.100,0.000,0.770,6.112,81.300,2.509,24.000,666.000,20.200,390.740,12.670,22.600
19.609,0.000,18.100,0.000,0.671,7.313,97.900,1.316,24.000,666.000,20.200,396.900,13.440,15.000
1.127,0.000,19.580,1.000,0.871,5.012,88.000,1.610,5.000,403.000,14.700,343.280,12.120,15.300
24.394,0.000,18.100,0.000,0.700,4.652,100.000,1.467,24.000,666.000,20.200,396.900,28.280,10.500
0.330,0.000,6.200,0.000,0.507,6.086,61.500,3.652,8.000,307.000,17.400,376.750,10.880,24.000
0.142,0.000,10.010,0.000,0.547,6.254,84.200,2.256,6.000,432.000,17.800,388.740,10.450,18.500
0.408,0.000,6.200,1.000,0.507,6.164,91.300,3.048,8.000,307.000,17.400,395.240,21.460,21.700
0.034,0.000,5.190,0.000,0.515,5.869,46.300,5.231,5.000,224.000,20.200,396.900,9.800,19.500
0.105,40.000,6.410,1.000,0.447,7.267,49.000,4.787,4.000,254.000,17.600,389.250,6.050,33.200
5.293,0.000,18.100,0.000,0.700,6.051,82.500,2.168,24.000,666.000,20.200,378.380,18.760,23.200
38.352,0.000,18.100,0.000,0.693,5.453,100.000,1.490,24.000,666.000,20.200,396.900,30.590,5.000
15.576,0.000,18.100,0.000,0.580,5.926,71.000,2.908,24.000,666.000,20.200,368.740,18.130,19.100
1.131,0.000,8.140,0.000,0.538,5.713,94.100,4.233,4.000,307.000,21.000,360.170,22.600,12.700
2.450,0.000,19.580,0.000,0.605,6.402,95.200,2.263,5.000,403.000,14.700,330.040,11.320,22.300
17.867,0.000,18.100,0.000,0.671,6.223,100.000,1.386,24.000,666.000,20.200,393.740,21.780,10.200
15.288,0.000,18.100,0.000,0.671,6.649,93.300,1.345,24.000,666.000,20.200,363.020,23.240,13.900
28.656,0.000,18.100,0.000,0.597,5.155,100.000,1.589,24.000,666.000,20.200,210.970,20.080,16.300
1.414,0.000,19.580,1.000,0.871,6.129,96.000,1.749,5.000,403.000,14.700,321.020,15.120,17.000
0.106,30.000,4.930,0.000,0.428,6.095,65.100,6.336,6.000,300.000,16.600,394.620,12.400,20.100
0.066,0.000,4.050,0.000,0.510,6.860,74.400,2.915,5.000,296.000,16.600,391.270,6.920,29.900
7.404,0.000,18.100,0.000,0.597,5.617,97.900,1.455,24.000,666.000,20.200,314.640,26.400,17.200
0.079,80.000,4.950,0.000,0.411,7.148,27.700,5.117,4.000,245.000,19.200,396.900,3.560,37.300
0.036,20.000,3.330,0.000,0.443,7.820,64.500,4.695,5.000,216.000,14.900,387.310,3.760,45.400
2.331,0.000,19.580,0.000,0.871,5.186,93.800,1.530,5.000,403.000,14.700,356.990,28.320,17.800
0.070,0.000,4.050,0.000,0.510,6.020,47.200,3.555,5.000,296.000,16.600,393.230,10.110,23.200
0.056,70.000,2.240,0.000,0.400,7.041,10.000,7.828,5.000,358.000,14.800,371.580,4.740,29.000
0.039,0.000,3.410,0.000,0.489,6.405,73.900,3.092,2.000,270.000,17.800,393.550,8.200,22.000
0.325,0.000,21.890,0.000,0.624,6.431,98.800,1.812,4.000,437.000,21.200,396.900,15.390,18.000
1.207,0.000,19.580,0.000,0.605,5.875,94.600,2.426,5.000,403.000,14.700,292.290,14.430,17.400
0.038,80.000,1.520,0.000,0.404,7.274,38.300,7.309,2.000,329.000,12.600,392.200,6.620,34.600
0.020,80.000,1.760,0.000,0.385,6.230,31.500,9.089,1.000,241.000,18.200,341.600,12.930,20.100
0.029,28.000,15.040,0.000,0.464,6.211,28.900,3.666,4.000,270.000,18.200,396.330,6.210,25.000
3.535,0.000,19.580,1.000,0.871,6.152,82.600,1.746,5.000,403.000,14.700,88.010,15.020,15.600
0.037,25.000,4.860,0.000,0.426,6.302,32.200,5.401,4.000,281.000,19.000,396.900,6.720,24.800
0.049,33.000,2.180,0.000,0.472,6.849,70.300,3.183,7.000,222.000,18.400,396.900,7.530,28.200
3.674,0.000,18.100,0.000,0.583,6.312,51.900,3.992,24.000,666.000,20.200,388.620,10.580,21.200
0.095,0.000,12.830,0.000,0.437,6.286,45.000,4.503,5.000,398.000,18.700,383.230,8.940,21.400
0.168,0.000,7.380,0.000,0.493,6.426,52.300,4.540,5.000,287.000,19.600,396.900,7.200,23.800
0.825,20.000,3.970,0.000,0.647,7.327,94.500,2.079,5.000,264.000,13.000,393.420,11.250,31.000
0.191,22.000,5.860,0.000,0.431,6.718,17.500,7.827,7.000,330.000,19.100,393.740,6.560,26.200
0.136,12.500,6.070,0.000,0.409,5.594,36.800,6.498,4.000,345.000,18.900,396.900,13.090,17.400
0.091,0.000,2.460,0.000,0.488,7.155,92.200,2.701,3.000,193.000,17.800,394.120,4.820,37.900
0.784,0.000,8.140,0.000,0.538,5.990,81.700,4.258,4.000,307.000,21.000,386.750,14.670,17.500
0.436,0.000,10.590,1.000,0.489,5.344,100.000,3.875,4.000,277.000,18.600,396.900,23.090,20.000
24.802,0.000,18.100,0.000,0.693,5.349,96.000,1.703,24.000,666.000,20.200,396.900,19.770,8.300
0.025,55.000,3.780,0.000,0.484,6.696,56.400,5.732,5.000,370.000,17.600,396.900,7.180,23.900
13.678,0.000,18.100,0.000,0.740,5.935,87.900,1.821,24.000,666.000,20.200,68.950,34.020,8.400
11.108,0.000,18.100,0.000,0.668,4.906,100.000,1.174,24.000,666.000,20.200,396.900,34.770,13.800
16.812,0.000,18.100,0.000,0.700,5.277,98.100,1.426,24.000,666.000,20.200,396.900,30.810,7.200
13.913,0.000,18.100,0.000,0.713,6.208,95.000,2.222,24.000,666.000,20.200,100.630,15.170,11.700
9.724,0.000,18.100,0.000,0.740,6.406,97.200,2.065,24.000,666.000,20.200,385.960,19.520,17.100
0.269,0.000,9.900,0.000,0.544,6.266,82.800,3.263,4.000,304.000,18.400,393.390,7.900,21.600
9.232,0.000,18.100,0.000,0.631,6.216,100.000,1.169,24.000,666.000,20.200,366.150,9.530,50.000
6.444,0.000,18.100,0.000,0.584,6.425,74.800,2.200,24.000,666.000,20.200,97.950,12.030,16.100
0.131,0.000,8.560,0.000,0.520,6.127,85.200,2.122,5.000,384.000,20.900,387.690,14.090,20.400
0.045,0.000,11.930,0.000,0.573,6.120,76.700,2.288,1.000,273.000,21.000,396.900,9.080,20.600
0.169,0.000,25.650,0.000,0.581,5.986,88.400,1.993,2.000,188.000,19.100,385.020,14.810,21.400
0.043,28.000,15.040,0.000,0.464,6.249,77.300,3.615,4.000,270.000,18.200,396.900,10.590,20.600
0.550,20.000,3.970,0.000,0.647,7.206,91.600,1.930,5.000,264.000,13.000,387.890,8.100,36.500
7.672,0.000,18.100,0.000,0.693,5.747,98.900,1.633,24.000,666.000,20.200,393.100,19.920,8.500
0.044,70.000,2.240,0.000,0.400,6.871,47.400,7.828,5.000,358.000,14.800,390.860,6.070,24.800
12.802,0.000,18.100,0.000,0.740,5.854,96.600,1.896,24.000,666.000,20.200,240.520,23.790,10.800
3.697,0.000,18.100,0.000,0.718,4.963,91.400,1.752,24.000,666.000,20.200,316.030,14.000,21.900
0.150,0.000,25.650,0.000,0.581,5.856,97.000,1.944,2.000,188.000,19.100,370.310,25.410,17.300
0.014,75.000,4.000,0.000,0.410,5.888,47.600,7.320,3.000,469.000,21.100,396.900,14.800,18.900
0.069,0.000,2.460,0.000,0.488,6.144,62.200,2.598,3.000,193.000,17.800,396.900,9.450,36.200
6.288,0.000,18.100,0.000,0.740,6.341,96.400,2.072,24.000,666.000,20.200,318.010,17.790,14.900
0.638,0.000,8.140,0.000,0.538,6.096,84.500,4.462,4.000,307.000,21.000,380.020,10.260,18.200
0.040,80.000,1.520,0.000,0.404,7.287,34.100,7.309,2.000,329.000,12.600,396.900,4.080,33.300
2.818,0.000,18.100,0.000,0.532,5.762,40.300,4.098,24.000,666.000,20.200,392.920,10.420,21.800
0.089,21.000,5.640,0.000,0.439,5.963,45.700,6.815,4.000,243.000,16.800,395.560,13.450,19.700
0.014,100.000,1.320,0.000,0.411,6.816,40.500,8.325,5.000,256.000,15.100,392.900,3.950,31.600
0.214,22.000,5.860,0.000,0.431,6.438,8.900,7.397,7.000,330.000,19.100,377.070,3.590,24.800
0.044,80.000,3.370,0.000,0.398,5.787,31.100,6.612,4.000,337.000,16.100,396.900,10.240,19.400
0.092,0.000,10.810,0.000,0.413,6.065,7.800,5.287,4.000,305.000,19.200,390.910,5.520,22.800
10.834,0.000,18.100,0.000,0.679,6.782,90.800,1.819,24.000,666.000,20.200,21.570,25.790,7.500
0.315,0.000,6.200,0.000,0.504,8.266,78.300,2.894,8.000,307.000,17.400,385.050,4.140,44.800
0.224,0.000,9.690,0.000,0.585,6.027,79.700,2.498,6.000,391.000,19.200,396.900,14.330,16.800
0.222,0.000,10.010,0.000,0.547,6.092,95.400,2.548,6.000,432.000,17.800,396.900,17.090,18.700
0.527,0.000,6.200,0.000,0.504,8.725,83.000,2.894,8.000,307.000,17.400,382.000,4.630,50.000
0.014,80.000,0.460,0.000,0.422,7.875,32.000,5.648,4.000,255.000,14.400,394.230,2.970,50.000
6.655,0.000,18.100,0.000,0.713,6.317,83.000,2.734,24.000,666.000,20.200,396.900,13.990,19.500
0.140,0.000,8.560,0.000,0.520,6.167,90.000,2.421,5.000,384.000,20.900,392.690,12.330,20.100
8.267,0.000,18.100,1.000,0.668,5.875,89.600,1.130,24.000,666.000,20.200,347.880,8.880,50.000
0.062,0.000,4.390,0.000,0.442,5.898,52.300,8.014,3.000,352.000,18.800,364.610,12.670,17.200
3.678,0.000,18.100,0.000,0.770,5.362,96.200,2.104,24.000,666.000,20.200,380.790,10.190,20.800
0.212,0.000,8.560,0.000,0.520,6.137,87.400,2.715,5.000,384.000,20.900,394.470,13.440,19.300
1.224,0.000,19.580,0.000,0.605,6.943,97.400,1.877,5.000,403.000,14.700,363.430,4.590,41.300
0.630,0.000,8.140,0.000,0.538,5.949,61.800,4.707,4.000,307.000,21.000,396.900,8.260,20.400
0.043,21.000,5.640,0.000,0.439,6.115,63.000,6.815,4.000,243.000,16.800,393.970,9.430,20.500
8.056,0.000,18.100,0.000,0.584,5.427,95.400,2.430,24.000,666.000,20.200,352.580,18.140,13.800
0.025,0.000,1.890,0.000,0.518,6.540,59.700,6.267,1.000,422.000,15.900,389.960,8.650,16.500
0.051,0.000,4.490,0.000,0.449,6.389,48.000,4.779,3.000,247.000,18.500,396.900,9.620,23.900
2.379,0.000,18.100,0.000,0.583,5.871,41.900,3.724,24.000,666.000,20.200,370.730,13.340,20.600
0.442,0.000,6.200,0.000,0.504,6.552,21.400,3.375,8.000,307.000,17.400,380.340,3.760,31.500
0.154,25.000,5.130,0.000,0.453,6.145,29.200,7.815,8.000,284.000,19.700,390.680,6.860,23.300
4.222,0.000,18.100,1.000,0.770,5.803,89.000,1.905,24.000,666.000,20.200,353.040,14.640,16.800
0.291,0.000,21.890,0.000,0.624,6.174,93.600,1.612,4.000,437.000,21.200,388.080,24.160,14.000
0.540,20.000,3.970,0.000,0.647,7.203,81.800,2.112,5.000,264.000,13.000,392.800,9.590,33.800
0.055,33.000,2.180,0.000,0.472,7.236,41.100,4.022,7.000,222.000,18.400,393.680,6.930,36.100
9.391,0.000,18.100,0.000,0.740,5.627,93.900,1.817,24.000,666.000,20.200,396.900,22.880,12.800
0.268,0.000,9.690,0.000,0.585,5.794,70.600,2.893,6.000,391.000,19.200,396.900,14.100,18.300
0.149,25.000,5.130,0.000,0.453,5.741,66.200,7.225,8.000,284.000,19.700,395.110,13.150,18.700
4.422,0.000,18.100,0.000,0.584,6.003,94.500,2.540,24.000,666.000,20.200,331.290,21.320,19.100
0.448,0.000,6.200,1.000,0.507,6.726,66.500,3.652,8.000,307.000,17.400,360.200,8.050,29.000
0.615,0.000,6.200,0.000,0.507,6.618,80.800,3.272,8.000,307.000,17.400,396.900,7.600,30.100
1.519,0.000,19.580,1.000,0.605,8.375,93.900,2.162,5.000,403.000,14.700,388.450,3.320,50.000
1.463,0.000,19.580,0.000,0.605,7.489,90.800,1.971,5.000,403.000,14.700,374.430,1.730,50.000
0.035,34.000,6.090,0.000,0.433,6.590,40.400,5.492,7.000,329.000,16.100,395.750,9.500,22.000
20.716,0.000,18.100,0.000,0.659,4.138,100.000,1.178,24.000,666.000,20.200,370.220,23.340,11.900
0.382,0.000,6.200,0.000,0.504,8.040,86.500,3.216,8.000,307.000,17.400,387.380,3.130,37.600
0.015,90.000,1.210,1.000,0.401,7.923,24.800,5.885,1.000,198.000,13.600,395.520,3.160,50.000
2.242,0.000,19.580,0.000,0.605,5.854,91.800,2.422,5.000,403.000,14.700,395.110,11.640,22.700
0.087,0.000,12.830,0.000,0.437,6.140,45.800,4.090,5.000,398.000,18.700,386.960,10.270,20.800
0.036,80.000,3.370,0.000,0.398,6.290,17.800,6.612,4.000,337.000,16.100,396.900,4.670,23.500
0.036,80.000,4.950,0.000,0.411,6.630,23.400,5.117,4.000,245.000,19.200,396.900,4.700,27.900
5.670,0.000,18.100,1.000,0.631,6.683,96.800,1.357,24.000,666.000,20.200,375.330,3.730,50.000
0.066,0.000,3.240,0.000,0.460,5.868,25.800,5.215,4.000,430.000,16.900,382.440,9.970,19.300
0.083,0.000,13.920,0.000,0.437,6.127,18.400,5.503,4.000,289.000,16.000,396.900,8.580,23.900
0.067,0.000,3.240,0.000,0.460,6.333,17.200,5.215,4.000,430.000,16.900,375.210,7.340,22.600
5.441,0.000,18.100,0.000,0.713,6.655,98.200,2.355,24.000,666.000,20.200,355.290,17.730,15.200
0.108,0.000,8.560,0.000,0.520,6.195,54.400,2.778,5.000,384.000,20.900,393.490,13.000,21.700
0.340,0.000,21.890,0.000,0.624,6.458,98.900,2.119,4.000,437.000,21.200,395.040,12.600,19.200
0.082,0.000,2.890,0.000,0.445,7.820,36.900,3.495,2.000,276.000,18.000,393.530,3.570,43.800
0.349,0.000,9.900,0.000,0.544,5.972,76.700,3.103,4.000,304.000,18.400,396.240,9.970,20.300
0.069,0.000,2.890,0.000,0.445,7.416,62.500,3.495,2.000,276.000,18.000,396.900,6.190,33.200
3.164,0.000,18.100,0.000,0.655,5.759,48.200,3.067,24.000,666.000,20.200,334.400,14.130,19.900
0.252,0.000,10.590,0.000,0.489,5.783,72.700,4.355,4.000,277.000,18.600,389.430,18.060,22.500
0.013,35.000,1.520,0.000,0.442,7.241,49.300,7.038,1.000,284.000,15.500,394.740,5.490,32.700
0.110,0.000,11.930,0.000,0.573,6.794,89.300,2.389,1.000,273.000,21.000,393.450,6.480,22.000
0.050,35.000,6.060,0.000,0.438,5.706,28.400,6.641,1.000,304.000,16.900,394.020,12.430,17.100
3.775,0.000,18.100,0.000,0.655,5.952,84.700,2.872,24.000,666.000,20.200,22.010,17.150,19.000
0.225,12.500,7.870,0.000,0.524,6.377,94.300,6.347,5.000,311.000,15.200,392.520,20.450,15.000
2.635,0.000,9.900,0.000,0.544,4.973,37.800,2.519,4.000,304.000,18.400,350.450,12.640,16.100
0.521,0.000,6.200,1.000,0.507,6.631,76.500,4.148,8.000,307.000,17.400,388.450,9.540,25.100
0.290,0.000,10.590,0.000,0.489,5.412,9.800,3.587,4.000,277.000,18.600,348.930,29.550,23.700
0.070,0.000,13.890,0.000,0.550,6.642,85.100,3.421,5.000,276.000,16.400,392.780,9.690,28.700
0.058,0.000,2.460,0.000,0.488,6.980,58.400,2.829,3.000,193.000,17.800,396.900,5.040,37.200
0.047,0.000,3.410,0.000,0.489,6.417,66.100,3.092,2.000,270.000,17.800,392.180,8.810,22.600
4.812,0.000,18.100,0.000,0.713,6.701,90.000,2.598,24.000,666.000,20.200,255.230,16.420,16.400
0.054,21.000,5.640,0.000,0.439,6.511,21.100,6.815,4.000,243.000,16.800,396.900,5.280,25.000
0.126,45.000,3.440,0.000,0.437,6.556,29.100,4.567,5.000,398.000,15.200,382.840,4.560,29.800
0.790,0.000,9.900,0.000,0.544,6.122,52.800,2.640,4.000,304.000,18.400,396.900,5.980,22.100
0.323,0.000,21.890,0.000,0.624,5.942,93.500,1.967,4.000,437.000,21.200,378.250,16.900,17.400
0.558,0.000,21.890,0.000,0.624,6.335,98.200,2.111,4.000,437.000,21.200,394.670,16.960,18.100
0.047,80.000,1.520,0.000,0.404,7.107,36.600,7.309,2.000,329.000,12.600,354.310,8.610,30.300
0.031,0.000,4.390,0.000,0.442,6.014,48.500,8.014,3.000,352.000,18.800,385.640,10.530,17.500
0.175,0.000,5.960,0.000,0.499,5.966,30.200,3.847,5.000,279.000,19.200,393.430,10.130,24.700
9.925,0.000,18.100,0.000,0.740,6.251,96.600,2.198,24.000,666.000,20.200,388.520,16.440,12.600
0.114,0.000,8.560,0.000,0.520,6.781,71.300,2.856,5.000,384.000,20.900,395.580,7.670,26.500
0.053,0.000,3.410,0.000,0.489,7.079,63.100,3.414,2.000,270.000,17.800,396.060,5.700,28.700
0.250,0.000,21.890,0.000,0.624,5.857,98.200,1.669,4.000,437.000,21.200,392.040,21.320,13.300
25.941,0.000,18.100,0.000,0.679,5.304,89.100,1.647,24.000,666.000,20.200,127.360,26.640,10.400
0.136,0.000,10.590,1.000,0.489,6.064,59.100,4.239,4.000,277.000,18.600,381.320,14.660,24.400
0.303,0.000,7.380,0.000,0.493,6.312,28.900,5.416,5.000,287.000,19.600,396.900,6.150,23.000
6.801,0.000,18.100,0.000,0.713,6.081,84.400,2.717,24.000,666.000,20.200,396.900,14.700,20.000
8.983,0.000,18.100,1.000,0.770,6.212,97.400,2.122,24.000,666.000,20.200,377.730,17.600,17.800
45.746,0.000,18.100,0.000,0.693,4.519,100.000,1.658,24.000,666.000,20.200,88.270,36.980,7.000
10.672,0.000,18.100,0.000,0.740,6.459,94.800,1.988,24.000,666.000,20.200,43.060,23.980,11.800
0.230,0.000,10.590,0.000,0.489,6.326,52.500,4.355,4.000,277.000,18.600,394.870,10.970,24.400
18.498,0.000,18.100,0.000,0.668,4.138,100.000,1.137,24.000,666.000,20.200,396.900,37.970,13.800
0.220,0.000,6.910,0.000,0.448,5.602,62.000,6.088,3.000,233.000,17.900,396.900,16.200,19.400
0.162,20.000,6.960,0.000,0.464,6.240,16.300,4.429,3.000,223.000,18.600,396.900,6.590,25.200
0.035,35.000,6.060,0.000,0.438,6.031,23.300,6.641,1.000,304.000,16.900,362.250,7.830,19.400
2.149,0.000,19.580,0.000,0.871,5.709,98.500,1.623,5.000,403.000,14.700,261.950,15.790,19.400
0.014,60.000,2.930,0.000,0.401,6.604,18.800,6.220,1.000,265.000,15.600,376.700,4.380,29.100
18.085,0.000,18.100,0.000,0.679,6.434,100.000,1.835,24.000,666.000,20.200,27.250,29.050,7.200
0.123,0.000,10.010,0.000,0.547,5.913,92.900,2.353,6.000,432.000,17.800,394.950,16.210,18.800
0.055,0.000,5.190,0.000,0.515,5.985,45.400,4.812,5.000,224.000,20.200,396.900,9.740,19.000
1.273,0.000,19.580,1.000,0.605,6.250,92.600,1.798,5.000,403.000,14.700,338.920,5.500,27.000
0.072,0.000,4.490,0.000,0.449,6.121,56.800,3.748,3.000,247.000,18.500,395.150,8.440,22.200
0.280,0.000,9.690,0.000,0.585,5.926,42.600,2.382,6.000,391.000,19.200,396.900,13.590,24.500
0.030,55.000,3.780,0.000,0.484,6.874,28.100,6.465,5.000,370.000,17.600,387.970,4.610,31.200
0.036,25.000,4.860,0.000,0.426,6.167,46.700,5.401,4.000,281.000,19.000,390.640,7.510,22.900
0.093,0.000,25.650,0.000,0.581,5.961,92.900,2.087,2.000,188.000,19.100,378.090,17.930,20.500
3.569,0.000,18.100,0.000,0.580,6.437,75.000,2.897,24.000,666.000,20.200,393.370,14.360,23.200
0.229,0.000,8.560,0.000,0.520,6.405,85.400,2.715,5.000,384.000,20.900,70.800,10.630,18.600
1.355,0.000,8.140,0.000,0.538,6.072,100.000,4.175,4.000,307.000,21.000,376.730,13.040,14.500
0.545,0.000,21.890,0.000,0.624,6.151,97.900,1.669,4.000,437.000,21.200,396.900,18.460,17.800
0.056,0.000,2.460,0.000,0.488,7.831,53.600,3.199,3.000,193.000,17.800,392.630,4.450,50.000
12.048,0.000,18.100,0.000,0.614,5.648,87.600,1.951,24.000,666.000,20.200,291.550,14.100,20.800
0.340,22.000,5.860,0.000,0.431,6.108,34.900,8.056,7.000,330.000,19.100,390.180,9.160,24.300
0.088,0.000,10.810,0.000,0.413,6.417,6.600,5.287,4.000,305.000,19.200,383.730,6.720,24.200
0.045,0.000,3.240,0.000,0.460,6.144,32.200,5.874,4.000,430.000,16.900,368.570,9.090,19.800
5.692,0.000,18.100,0.000,0.583,6.114,79.800,3.546,24.000,666.000,20.200,392.680,14.980,19.100
5.202,0.000,18.100,1.000,0.770,6.127,83.400,2.723,24.000,666.000,20.200,395.430,11.480,22.700
15.023,0.000,18.100,0.000,0.614,5.304,97.300,2.101,24.000,666.000,20.200,349.480,24.910,12.000
12.247,0.000,18.100,0.000,0.584,5.837,59.700,1.998,24.000,666.000,20.200,24.650,15.690,10.200
0.097,0.000,5.960,0.000,0.499,5.841,61.400,3.378,5.000,279.000,19.200,377.560,11.410,20.000
0.191,22.000,5.860,0.000,0.431,5.605,70.200,7.955,7.000,330.000,19.100,389.130,18.460,18.500
0.035,80.000,3.640,0.000,0.392,5.876,19.100,9.220,1.000,315.000,16.400,395.180,9.250,20.900
5.824,0.000,18.100,0.000,0.532,6.242,64.700,3.424,24.000,666.000,20.200,396.900,10.740,23.000
0.624,0.000,6.200,1.000,0.507,6.879,77.700,3.272,8.000,307.000,17.400,390.390,9.930,27.500
0.017,90.000,2.020,0.000,0.410,6.728,36.100,12.127,5.000,187.000,17.000,384.460,4.500,30.100
9.339,0.000,18.100,0.000,0.679,6.380,95.600,1.968,24.000,666.000,20.200,60.720,24.080,9.500
0.058,12.500,6.070,0.000,0.409,5.878,21.400,6.498,4.000,345.000,18.900,396.210,8.100,22.000
0.132,0.000,10.010,0.000,0.547,6.176,72.500,2.730,6.000,432.000,17.800,393.300,12.040,21.200
10.062,0.000,18.100,0.000,0.584,6.833,94.300,2.088,24.000,666.000,20.200,81.330,19.690,14.100
0.061,40.000,6.410,1.000,0.447,6.826,27.600,4.863,4.000,254.000,17.600,393.450,4.160,33.100
0.195,0.000,10.810,0.000,0.413,6.245,6.200,5.287,4.000,305.000,19.200,377.170,7.540,23.400
13.075,0.000,18.100,0.000,0.580,5.713,56.700,2.824,24.000,666.000,20.200,396.900,14.760,20.100
22.597,0.000,18.100,0.000,0.700,5.000,89.500,1.518,24.000,666.000,20.200,396.900,31.990,7.400
2.734,0.000,19.580,0.000,0.871,5.597,94.900,1.526,5.000,403.000,14.700,351.850,21.450,15.400
1.800,0.000,19.580,0.000,0.605,5.877,79.200,2.426,5.000,403.000,14.700,227.610,12.140,23.800
0.111,0.000,27.740,0.000,0.609,5.983,83.500,2.110,4.000,711.000,20.100,396.900,13.350,20.100
0.015,80.000,2.010,0.000,0.435,6.635,29.700,8.344,4.000,280.000,17.000,390.940,5.990,24.500
0.020,17.500,1.380,0.000,0.416,7.104,59.500,9.223,3.000,216.000,18.600,393.240,8.050,33.000
0.122,0.000,2.890,0.000,0.445,6.625,57.800,3.495,2.000,276.000,18.000,357.980,6.650,28.400
9.329,0.000,18.100,0.000,0.713,6.185,98.700,2.262,24.000,666.000,20.200,396.900,18.130,14.100
0.298,0.000,6.200,0.000,0.504,7.686,17.000,3.375,8.000,307.000,17.400,377.510,3.920,46.700
0.100,0.000,2.460,0.000,0.488,6.563,95.600,2.847,3.000,193.000,17.800,396.900,5.680,32.500
0.060,0.000,2.460,0.000,0.488,6.153,68.800,3.280,3.000,193.000,17.800,387.110,13.150,29.600
0.055,33.000,2.180,0.000,0.472,6.616,58.100,3.370,7.000,222.000,18.400,393.360,8.930,28.400
0.245,0.000,9.900,0.000,0.544,5.782,71.700,4.032,4.000,304.000,18.400,396.900,15.940,19.800
5.821,0.000,18.100,0.000,0.713,6.513,89.900,2.802,24.000,666.000,20.200,393.820,10.290,20.200
0.198,0.000,10.590,0.000,0.489,6.182,42.400,3.945,4.000,277.000,18.600,393.630,9.470,25.000
0.013,90.000,1.220,0.000,0.403,7.249,21.900,8.697,5.000,226.000,17.900,395.930,4.810,35.400
0.141,0.000,13.920,0.000,0.437,5.790,58.000,6.320,4.000,289.000,16.000,396.900,15.840,20.300
11.578,0.000,18.100,0.000,0.700,5.036,97.000,1.770,24.000,666.000,20.200,396.900,25.680,9.700
0.988,0.000,8.140,0.000,0.538,5.813,100.000,4.095,4.000,307.000,21.000,394.540,19.880,14.500
0.084,45.000,3.440,0.000,0.437,7.185,38.900,4.567,5.000,398.000,15.200,396.900,5.390,34.900
0.057,0.000,4.490,0.000,0.449,6.630,56.100,4.438,3.000,247.000,18.500,392.300,6.530,26.600
14.236,0.000,18.100,0.000,0.693,6.343,100.000,1.574,24.000,666.000,20.200,396.900,20.320,7.200
0.578,20.000,3.970,0.000,0.575,8.297,67.000,2.422,5.000,264.000,13.000,384.540,7.440,50.000
0.056,40.000,6.410,1.000,0.447,6.758,32.900,4.078,4.000,254.000,17.600,396.900,3.530,32.400
0.027,0.000,7.070,0.000,0.469,6.421,78.900,4.967,2.000,242.000,17.800,396.900,9.140,21.600
4.647,0.000,18.100,0.000,0.614,6.980,67.600,2.533,24.000,666.000,20.200,374.680,11.660,29.800
8.717,0.000,18.100,0.000,0.693,6.471,98.800,1.726,24.000,666.000,20.200,391.980,17.120,13.100
14.438,0.000,18.100,0.000,0.597,6.852,100.000,1.466,24.000,666.000,20.200,179.360,19.780,27.500
0.239,0.000,9.690,0.000,0.585,6.019,65.300,2.409,6.000,391.000,19.200,396.900,12.920,21.200
0.182,0.000,7.380,0.000,0.493,6.376,54.300,4.540,5.000,287.000,19.600,396.900,6.870,23.100
0.048,80.000,3.640,0.000,0.392,6.108,32.000,9.220,1.000,315.000,16.400,392.890,6.570,21.900
7.526,0.000,18.100,0.000,0.713,6.417,98.300,2.185,24.000,666.000,20.200,304.210,19.310,13.000
0.039,52.500,5.320,0.000,0.405,6.209,31.300,7.317,6.000,293.000,16.600,396.900,7.140,23.200
0.207,0.000,27.740,0.000,0.609,5.093,98.000,1.823,4.000,711.000,20.100,318.430,29.680,8.100
25.046,0.000,18.100,0.000,0.693,5.987,100.000,1.589,24.000,666.000,20.200,396.900,26.770,5.600
3.850,0.000,18.100,1.000,0.770,6.395,91.000,2.505,24.000,666.000,20.200,391.340,13.270,21.700
0.082,22.000,5.860,0.000,0.431,6.957,6.800,8.907,7.000,330.000,19.100,386.090,3.530,29.600
4.038,0.000,18.100,0.000,0.532,6.229,90.700,3.099,24.000,666.000,20.200,395.330,12.870,19.600
0.183,0.000,27.740,0.000,0.609,5.414,98.300,1.755,4.000,711.000,20.100,344.050,23.970,7.000
0.093,34.000,6.090,0.000,0.433,6.495,18.400,5.492,7.000,329.000,16.100,383.610,8.670,26.400
0.117,12.500,7.870,0.000,0.524,6.009,82.900,6.227,5.000,311.000,15.200,396.900,13.270,18.900
0.128,12.500,6.070,0.000,0.409,5.885,33.000,6.498,4.000,345.000,18.900,396.900,8.790,20.900
0.141,0.000,10.590,0.000,0.489,6.375,32.300,3.945,4.000,277.000,18.600,385.810,9.380,28.100
0.037,20.000,3.330,0.000,0.443,6.968,37.200,5.245,5.000,216.000,14.900,392.230,4.590,35.400
14.334,0.000,18.100,0.000,0.700,4.880,100.000,1.589,24.000,666.000,20.200,372.920,30.620,10.200
0.537,0.000,6.200,0.000,0.504,5.981,68.100,3.671,8.000,307.000,17.400,378.350,11.650,24.300
0.534,20.000,3.970,0.000,0.647,7.520,89.400,2.140,5.000,264.000,13.000,388.370,7.260,43.100
0.206,22.000,5.860,0.000,0.431,5.593,76.500,7.955,7.000,330.000,19.100,372.490,12.500,17.600
9.967,0.000,18.100,0.000,0.740,6.485,100.000,1.978,24.000,666.000,20.200,386.730,18.850,15.400
0.254,0.000,9.900,0.000,0.544,5.705,77.700,3.945,4.000,304.000,18.400,396.420,11.500,16.200
0.145,12.500,7.870,0.000,0.524,6.172,96.100,5.950,5.000,311.000,15.200,396.900,19.150,27.100
14.334,0.000,18.100,0.000,0.614,6.229,88.000,1.951,24.000,666.000,20.200,383.320,13.110,21.400
0.111,0.000,13.890,1.000,0.550,5.951,93.800,2.889,5.000,276.000,16.400,396.900,17.920,21.500
0.063,0.000,11.930,0.000,0.573,6.593,69.100,2.479,1.000,273.000,21.000,391.990,9.670,22.400
5.731,0.000,18.100,0.000,0.532,7.061,77.000,3.411,24.000,666.000,20.200,395.280,7.010,25.000
0.229,0.000,6.910,0.000,0.448,6.030,85.500,5.689,3.000,233.000,17.900,392.740,18.800,16.600
0.072,60.000,1.690,0.000,0.411,5.884,18.500,10.710,4.000,411.000,18.300,392.330,7.790,18.600
0.113,30.000,4.930,0.000,0.428,6.897,54.300,6.336,6.000,300.000,16.600,391.250,11.380,22.000
0.369,22.000,5.860,0.000,0.431,8.259,8.400,8.907,7.000,330.000,19.100,396.900,3.540,42.800
0.210,20.000,3.330,0.000,0.443,6.812,32.200,4.101,5.000,216.000,14.900,396.900,4.850,35.100
1.657,0.000,19.580,0.000,0.871,6.122,97.300,1.618,5.000,403.000,14.700,372.800,14.100,21.500
0.664,20.000,3.970,0.000,0.647,7.333,100.000,1.895,5.000,264.000,13.000,383.290,7.790,36.000
3.474,0.000,18.100,1.000,0.718,8.780,82.900,1.905,24.000,666.000,20.200,354.550,5.290,21.900
0.079,0.000,12.830,0.000,0.437,6.273,6.000,4.252,5.000,398.000,18.700,394.920,6.780,24.100
1.834,0.000,19.580,1.000,0.605,7.802,98.200,2.041,5.000,403.000,14.700,389.610,1.920,50.000
0.358,0.000,6.200,1.000,0.507,6.951,88.500,2.862,8.000,307.000,17.400,391.700,9.710,26.700
2.924,0.000,19.580,0.000,0.605,6.101,93.000,2.283,5.000,403.000,14.700,240.160,9.810,25.000
